?o	?gid	?name	?wkt
0	99650	Koisdorf	"POINT(7.243 50.531)"
1	94716	Königsfeld	"POINT(7.177 50.499)"
2	97570	Lind	"POINT(6.938 50.495)"
3	100320	Ramersbach	"POINT(7.097 50.491)"
4	100132	Kesseling	"POINT(7.025 50.482)"
5	95181	Gönnersdorf	"POINT(7.269 50.479)"
6	98404	Wershofen	"POINT(6.815 50.445)"
7	97418	Galenberg	"POINT(7.191 50.44)"
8	98860	Wassenach	"POINT(7.277 50.431)"
9	96714	Urmitz	"POINT(7.519 50.415)"
10	96621	Nickenich	"POINT(7.326 50.413)"
11	96260	Hohenleimbach	"POINT(7.059 50.412)"
12	100794	Reifferscheid	"POINT(6.888 50.406)"
13	94747	Weibern	"POINT(7.145 50.406)"
14	99858	Kettig	"POINT(7.462 50.398)"
15	97789	Kretz	"POINT(7.363 50.395)"
16	95285	Bell	"POINT(7.233 50.388)"
17	96118	Adenau	"POINT(6.93 50.382)"
18	96433	Siebenbach	"POINT(7.036 50.38)"
19	97387	Hoffeld	"POINT(6.824 50.37)"
20	95273	Kirchwald	"POINT(7.152 50.37)"
21	97169	Rübenach	"POINT(7.52 50.37)"
22	94341	Koblenz / Koblenz / Koblenz / Koblenz / Koblenz / Coblenza / Coblenza / Coblenza / Coblenza / Coblenza / Coblenz / Coblenz / Coblenz / Coblenz / Coblenz / Coblence / Coblence / Coblence / Coblence / Coblence	"POINT(7.593 50.361)"
23	95624	Scheid	"POINT(6.421 50.36)"
24	94482	Barweiler	"POINT(6.863 50.357)"
25	98782	Ettringen	"POINT(7.221 50.356)"
26	98047	Kerschenbach	"POINT(6.501 50.349)"
27	96077	Ochtendung	"POINT(7.39 50.349)"
28	95205	Leudersdorf	"POINT(6.745 50.342)"
29	97844	Wiesbaum	"POINT(6.67 50.341)"
30	95629	Wolken	"POINT(7.468 50.336)"
31	95437	Schüller	"POINT(6.571 50.335)"
32	96655	Welling	"POINT(7.314 50.329)"
33	97673	Ormont	"POINT(6.443 50.328)"
34	96808	Nohn	"POINT(6.787 50.328)"
35	96218	Mayen	"POINT(7.223 50.327)"
36	99800	Nachtsheim	"POINT(7.063 50.318)"
37	94789	Lonnig	"POINT(7.407 50.31)"
38	100624	Weiler	"POINT(7.121 50.31)"
39	99555	Berndorf	"POINT(6.696 50.306)"
40	96648	Auw bei Prüm	"POINT(6.338 50.301)"
41	95967	Reuth	"POINT(6.487 50.295)"
42	97102	Kelberg	"POINT(6.918 50.286)"
43	100919	Oberbettingen	"POINT(6.627 50.286)"
44	93931	Lehmen	"POINT(7.454 50.284)"
45	100177	Kehrig	"POINT(7.224 50.281)"
46	100610	Oberehe-Stroheich	"POINT(6.771 50.28)"
47	98900	Waldesch	"POINT(7.55 50.28)"
48	97229	Brey	"POINT(7.629 50.275)"
49	99547	Boxberg	"POINT(6.875 50.273)"
50	98683	Küttig	"POINT(7.367 50.273)"
51	100220	Retterath	"POINT(7.016 50.271)"
52	94372	Kollig	"POINT(7.278 50.266)"
53	96866	Duppach	"POINT(6.564 50.26)"
54	95917	Urmersbach	"POINT(7.132 50.256)"
55	97528	Mützenich	"POINT(6.263 50.253)"
56	97311	Wascheid	"POINT(6.414 50.252)"
57	100975	Hörschhausen	"POINT(6.936 50.244)"
58	96828	Buchet	"POINT(6.317 50.244)"
59	96066	Müllenborn	"POINT(6.612 50.24)"
60	99319	Gamlen	"POINT(7.201 50.239)"
61	96560	Berlingen	"POINT(6.719 50.238)"
62	100532	Laubach	"POINT(7.072 50.234)"
63	99414	Weinsheim	"POINT(6.471 50.23)"
64	96696	Hatzenport	"POINT(7.417 50.227)"
65	96564	Wierschem	"POINT(7.352 50.226)"
66	94180	Nörtershausen	"POINT(7.481 50.225)"
67	94471	Rengen	"POINT(6.844 50.223)"
68	99141	Herscheid	"POINT(6.36 50.221)"
69	97062	Forst (Eifel)	"POINT(7.251 50.218)"
70	97121	Büdesheim	"POINT(6.558 50.217)"
71	100376	Winterspelt	"POINT(6.213 50.214)"
72	98662	Ulmen	"POINT(6.978 50.21)"
73	97103	Büscheich	"POINT(6.677 50.196)"
74	94338	Weiler	"POINT(7.629 50.194)"
75	98796	Weinsfeld	"POINT(6.368 50.193)"
76	97698	Greimersburg	"POINT(7.142 50.185)"
77	96341	Ney	"POINT(7.538 50.183)"
78	97948	Kail	"POINT(7.241 50.183)"
79	100746	Mehren	"POINT(6.881 50.177)"
80	96970	Oberstadtfeld	"POINT(6.766 50.176)"
81	94597	Birresborn	"POINT(6.625 50.175)"
82	96711	Demerath	"POINT(6.94 50.174)"
83	95557	Macken	"POINT(7.396 50.173)"
84	96037	Hersdorf / Hersdorf / Nieder-Hersdorf / Nieder-Hersdorf	"POINT(6.509 50.171)"
85	95128	Gondershausen / Gondershausen / Nieder-Gondershausen / Nieder-Gondershausen	"POINT(7.492 50.159)"
86	98605	Gevenich	"POINT(7.087 50.155)"
87	99175	Salm	"POINT(6.692 50.152)"
88	100255	Dörth	"POINT(7.591 50.15)"
89	96458	Biebernheim	"POINT(7.706 50.148)"
90	96334	Lützkampen	"POINT(6.187 50.148)"
91	95546	Seiwerath	"POINT(6.5 50.147)"
92	100183	Valwig	"POINT(7.21 50.143)"
93	99828	Utzenhain	"POINT(7.639 50.131)"
94	96086	Immerath	"POINT(6.959 50.129)"
95	97636	Dohr	"POINT(7.121 50.129)"
96	98597	Heyweiler	"POINT(7.463 50.126)"
97	95901	Bleckhausen	"POINT(6.777 50.125)"
98	96575	Densborn	"POINT(6.601 50.125)"
99	98164	Kinzenburg	"POINT(6.342 50.121)"
100	97661	Eschfeld	"POINT(6.2 50.114)"
101	97413	Pfalzfeld	"POINT(7.579 50.113)"
102	94527	Meisburg	"POINT(6.688 50.11)"
103	98171	Eckfeld	"POINT(6.846 50.11)"
104	98093	Strohn	"POINT(6.923 50.11)"
105	100542	Feuerscheid	"POINT(6.454 50.103)"
106	98462	Mörsdorf	"POINT(7.344 50.103)"
107	98398	Damscheid	"POINT(7.686 50.1)"
108	93882	Mesenich	"POINT(7.197 50.097)"
109	96323	Neidenbach	"POINT(6.552 50.092)"
110	94449	Bettenfeld	"POINT(6.76 50.084)"
111	96051	Sankt Aldegund	"POINT(7.13 50.081)"
112	96483	Ebschied	"POINT(7.516 50.08)"
113	100160	Buch	"POINT(7.387 50.077)"
114	94070	Henschhausen	"POINT(7.753 50.076)"
115	97704	Wiebelsheim	"POINT(7.636 50.075)"
116	99981	Dahnen	"POINT(6.143 50.072)"
117	96284	Neurath	"POINT(6.262 50.07)"
118	101153	Grenderich	"POINT(7.231 50.067)"
119	97123	Steinborn	"POINT(6.628 50.067)"
120	96003	Hontheim	"POINT(6.993 50.066)"
121	100032	Oberöfflingen	"POINT(6.867 50.065)"
122	94935	Oberpierscheid	"POINT(6.373 50.065)"
123	97319	Sefferweich	"POINT(6.521 50.059)"
124	93976	Oberweiler	"POINT(6.445 50.042)"
125	99765	Greimerath	"POINT(6.908 50.04)"
126	96373	Blankenrath	"POINT(7.303 50.038)"
127	100604	Oberkail	"POINT(6.679 50.037)"
128	97411	Völkenroth	"POINT(7.393 50.034)"
129	93949	Liebshausen	"POINT(7.629 50.033)"
130	95653	Klosterkumbd	"POINT(7.536 50.027)"
131	95927	Budenheim	"POINT(8.173 50.026)"
132	100552	Fließem	"POINT(6.543 50.025)"
133	98113	Grosslittgen	"POINT(6.797 50.025)"
134	100318	Briedel	"POINT(7.149 50.023)"
135	94963	Karlshausen	"POINT(6.228 50.023)"
136	520306	Oberheimbach	"POINT(7.782 50.022)"
137	100390	Bausendorf	"POINT(6.995 50.013)"
138	95646	Wüschheim	"POINT(7.421 50.012)"
139	100137	Weidingen	"POINT(6.377 50.011)"
140	100983	Neuerburg	"POINT(6.295 50.01)"
141	95150	Dichtelbach	"POINT(7.692 50.009)"
142	522623	Gonsenheim	"POINT(8.192 50.005)"
143	95700	Mainz / Mainz / Mainz / Mainz / Magonza / Magonza / Magonza / Magonza / Maguncia / Maguncia / Maguncia / Maguncia / Mayence / Mayence / Mayence / Mayence	"POINT(8.272 50.001)"
144	97478	Schnorbach	"POINT(7.611 49.991)"
145	100344	Wissmannsdorf	"POINT(6.444 49.988)"
146	97803	Pickließem	"POINT(6.648 49.988)"
147	96652	Ellern (Hunsrück)	"POINT(7.641 49.986)"
148	101105	Belg	"POINT(7.309 49.982)"
149	100637	Wackernheim	"POINT(8.116 49.979)"
150	96180	Ürzig	"POINT(7.005 49.979)"
151	94962	Niederkail	"POINT(6.737 49.978)"
152	96900	Wolf	"POINT(7.104 49.977)"
153	95346	Nannhausen	"POINT(7.48 49.974)"
154	97389	Obergeckler	"POINT(6.295 49.971)"
155	100636	Bergweiler	"POINT(6.828 49.968)"
156	99401	Daxweiler	"POINT(7.752 49.966)"
157	98099	Bauler	"POINT(6.207 49.965)"
158	95419	Oberweis	"POINT(6.42 49.963)"
159	94398	Mötsch	"POINT(6.553 49.962)"
160	95958	Seibersbach	"POINT(7.716 49.961)"
161	93982	Altrich	"POINT(6.911 49.957)"
162	100621	Ober Kostenz	"POINT(7.351 49.956)"
163	94429	Raversbeuren	"POINT(7.228 49.956)"
164	95747	Warmsroth	"POINT(7.79 49.955)"
165	94765	Starkenburg	"POINT(7.141 49.954)"
166	100818	Mettendorf	"POINT(6.327 49.95)"
167	95885	Herforst	"POINT(6.696 49.943)"
168	95978	Ockenheim	"POINT(7.973 49.942)"
169	93907	Grosswinternheim	"POINT(8.082 49.942)"
170	94226	Röhl	"POINT(6.582 49.938)"
171	97816	Ravengiersburg	"POINT(7.476 49.936)"
172	95744	Messerich	"POINT(6.482 49.935)"
173	95945	Tiefenbach	"POINT(7.542 49.934)"
174	100958	Rümmelsheim	"POINT(7.86 49.934)"
175	94440	Graach an der Mosel	"POINT(7.064 49.934)"
176	98262	Essenheim	"POINT(8.161 49.933)"
177	99928	Sohren	"POINT(7.308 49.932)"
178	94273	Noviand / Noviand / Maring-Noviand / Maring-Noviand	"POINT(6.987 49.931)"
179	98118	Bodenheim	"POINT(8.304 49.926)"
180	98169	Körperich	"POINT(6.257 49.924)"
181	99466	Ebersheim	"POINT(8.245 49.914)"
182	94251	Nackenheim	"POINT(8.346 49.913)"
183	97772	Heidweiler	"POINT(6.746 49.911)"
184	95708	Peffingen	"POINT(6.407 49.909)"
185	100611	Pohlbach	"POINT(6.881 49.909)"
186	96258	Nieder-Olm	"POINT(8.203 49.909)"
187	97351	Windesheim	"POINT(7.816 49.906)"
188	96276	Engelstadt	"POINT(8.064 49.902)"
189	95598	Lindenschied	"POINT(7.392 49.902)"
190	100129	Horrweiler	"POINT(7.964 49.898)"
191	94820	Idenheim	"POINT(6.57 49.898)"
192	96700	Laufersweiler	"POINT(7.308 49.897)"
193	94915	Orenhofen	"POINT(6.653 49.896)"
194	96733	Gemünden	"POINT(7.481 49.896)"
195	96506	Münchwald	"POINT(7.676 49.896)"
196	96157	Kleinich	"POINT(7.187 49.893)"
197	100795	Longkamp	"POINT(7.12 49.891)"
198	96217	Biesdorf	"POINT(6.304 49.887)"
199	97360	Gehlweiler	"POINT(7.468 49.883)"
200	93952	Burgen	"POINT(7 49.881)"
201	95770	Bretzenheim	"POINT(7.898 49.88)"
202	98389	Rivenich	"POINT(6.847 49.878)"
203	100981	Nieder-Saulheim	"POINT(8.156 49.876)"
204	100910	Kaschenbach	"POINT(6.481 49.875)"
205	96059	Hofweiler	"POINT(6.623 49.868)"
206	95986	Vendersheim	"POINT(8.067 49.867)"
207	98927	Rhaunen	"POINT(7.347 49.864)"
208	101133	Roxheim	"POINT(7.812 49.864)"
209	98270	Wederath	"POINT(7.163 49.863)"
210	99071	Schwabsburg	"POINT(8.313 49.863)"
211	94100	Hahnheim	"POINT(8.238 49.862)"
212	100096	Sprendlingen	"POINT(7.987 49.861)"
213	99089	Föhren	"POINT(6.763 49.858)"
214	101043	Eisenach	"POINT(6.51 49.851)"
215	101064	Stipshausen	"POINT(7.292 49.849)"
216	99004	Neumagen-Dhron / Neumagen-Dhron / Neumagen / Neumagen	"POINT(6.894 49.849)"
217	97143	Daubach	"POINT(7.634 49.846)"
218	99963	Seesbach	"POINT(7.546 49.846)"
219	100713	Bosenheim	"POINT(7.915 49.845)"
220	97014	Wörrstadt	"POINT(8.114 49.84)"
221	97211	Detzem	"POINT(6.845 49.823)"
222	97035	Hüffelsheim	"POINT(7.799 49.822)"
223	98530	Hellertshausen	"POINT(7.274 49.821)"
224	97358	Hennweiler	"POINT(7.435 49.82)"
225	99541	Waldböckelheim	"POINT(7.721 49.819)"
226	97497	Bischofsdhron	"POINT(7.151 49.818)"
227	100461	Butzweiler	"POINT(6.618 49.815)"
228	96429	Weinolsheim	"POINT(8.272 49.815)"
229	99384	Wickenrodt	"POINT(7.357 49.815)"
230	97348	Olk	"POINT(6.552 49.814)"
231	98220	Horath	"POINT(6.986 49.812)"
232	96670	Weiperath	"POINT(7.071 49.804)"
233	98954	Monzingen	"POINT(7.591 49.801)"
234	95383	Kenn	"POINT(6.724 49.8)"
235	94521	Heidenburg	"POINT(6.918 49.799)"
236	96033	Guntersblum	"POINT(8.346 49.797)"
237	95499	Biebelnheim	"POINT(8.17 49.796)"
238	99019	Mörschied	"POINT(7.303 49.787)"
239	99794	Flonheim	"POINT(8.037 49.786)"
240	98026	Duchroth	"POINT(7.739 49.783)"
241	99978	Wonsheim	"POINT(7.964 49.782)"
242	96583	Altenbamberg	"POINT(7.832 49.781)"
243	97240	Wintersheim	"POINT(8.282 49.778)"
244	99330	Meckenbach	"POINT(7.506 49.778)"
245	99034	Fürfeld	"POINT(7.891 49.777)"
246	96329	Meddersheim	"POINT(7.616 49.777)"
247	99204	Hoxel	"POINT(7.1 49.776)"
248	95468	Sensweiler	"POINT(7.196 49.774)"
249	93886	Mertesdorf	"POINT(6.737 49.773)"
250	94509	Albig	"POINT(8.117 49.773)"
251	101007	Berschweiler bei Kirn	"POINT(7.392 49.77)"
252	98039	Wendelsheim	"POINT(7.991 49.765)"
253	94729	Sirzenich	"POINT(6.593 49.765)"
254	94748	Kirschroth	"POINT(7.574 49.762)"
255	95840	Talling	"POINT(6.953 49.761)"
256	95588	Trier / Trier / Trier / Trier / Trier / Treves / Treves / Treves / Treves / Treves / Tréveris / Tréveris / Tréveris / Tréveris / Tréveris / Treviri / Treviri / Treviri / Treviri / Treviri / Trèves / Trèves / Trèves / Trèves / Trèves	"POINT(6.637 49.757)"
257	97643	Bescheid	"POINT(6.89 49.753)"
258	96107	Mörsfeld	"POINT(7.933 49.744)"
259	99151	Alzey	"POINT(8.115 49.743)"
260	94465	Thomm	"POINT(6.803 49.742)"
261	97719	Vollmersbach	"POINT(7.308 49.742)"
262	95969	Hettenrodt	"POINT(7.251 49.741)"
263	100427	Lauschied	"POINT(7.62 49.741)"
264	97986	Rehborn	"POINT(7.687 49.735)"
265	98472	Hilscheid	"POINT(7.004 49.732)"
266	95250	Niedermoschel	"POINT(7.793 49.732)"
267	97394	Hamm am Rhein	"POINT(8.434 49.731)"
268	96353	Weierbach	"POINT(7.396 49.728)"
269	99117	Bechtheim	"POINT(8.292 49.727)"
270	99799	Kernscheid	"POINT(6.686 49.724)"
271	97498	Hochborn	"POINT(8.201 49.724)"
272	96766	Liersberg	"POINT(6.538 49.722)"
273	93955	Mauchenheim	"POINT(8.045 49.718)"
274	95656	Rascheid	"POINT(6.936 49.713)"
275	96660	Kriegsfeld	"POINT(7.914 49.71)"
276	99364	Oberreidenbach	"POINT(7.461 49.706)"
277	94737	Breitenheim	"POINT(7.632 49.698)"
278	98919	Mannweiler / Mannweiler / Mannweiler-Cölln / Mannweiler-Cölln	"POINT(7.803 49.696)"
279	93934	Kirchenbollenbach	"POINT(7.408 49.694)"
280	98179	Orbis	"POINT(7.994 49.694)"
281	95723	Niedermennig	"POINT(6.632 49.693)"
282	101062	Schmittweiler	"POINT(7.705 49.691)"
283	97110	Börfink	"POINT(7.08 49.69)"
284	98581	Oberhambach	"POINT(7.157 49.686)"
285	99008	Niederbrombach	"POINT(7.243 49.686)"
286	100406	Ober-Flörsheim	"POINT(8.155 49.684)"
287	97863	Bermersheim	"POINT(8.224 49.682)"
288	97060	Fellerich	"POINT(6.496 49.68)"
289	97217	Holzerath	"POINT(6.763 49.679)"
290	96597	Reinsfeld	"POINT(6.877 49.676)"
291	96848	Kappeln	"POINT(7.571 49.676)"
292	97652	Damflos	"POINT(6.988 49.667)"
293	100810	Medard	"POINT(7.609 49.666)"
294	96431	Dielkirchen	"POINT(7.816 49.662)"
295	96617	Oberemmel	"POINT(6.63 49.66)"
296	96162	Gauersheim	"POINT(8.073 49.66)"
297	98579	Buhlenberg	"POINT(7.12 49.655)"
298	94359	Wawern	"POINT(6.55 49.652)"
299	95194	Flörsheim-Dalsheim	"POINT(8.21 49.652)"
300	99927	Nittel	"POINT(6.451 49.652)"
301	99580	Lampaden	"POINT(6.702 49.649)"
302	95196	Ruppertsecken	"POINT(7.881 49.645)"
303	99446	Bisterschied	"POINT(7.749 49.645)"
304	100948	Reichenbach	"POINT(7.285 49.64)"
305	99725	Bolanden	"POINT(8.012 49.64)"
306	96444	Nohen	"POINT(7.242 49.639)"
307	94658	Wiesweiler	"POINT(7.569 49.637)"
308	100951	Kell am See	"POINT(6.822 49.635)"
309	100483	Gusenburg	"POINT(6.902 49.635)"
310	97690	Marnheim	"POINT(8.04 49.633)"
311	95125	Worms	"POINT(8.362 49.63)"
312	99617	Nussbach	"POINT(7.695 49.629)"
313	97006	Dannenfels	"POINT(7.945 49.627)"
314	99482	Bubenheim	"POINT(8.121 49.627)"
315	96600	Achtelsbach	"POINT(7.09 49.625)"
316	100403	Hentern	"POINT(6.694 49.618)"
317	94933	Baumholder	"POINT(7.341 49.615)"
318	99188	Heimbach	"POINT(7.249 49.614)"
319	94206	Falkenstein	"POINT(7.874 49.609)"
320	95879	Wincheringen	"POINT(6.428 49.609)"
321	100999	Bierfeld	"POINT(6.949 49.608)"
322	96934	Einöllen	"POINT(7.638 49.608)"
323	99803	Offstein	"POINT(8.238 49.606)"
324	99631	Niederalben	"POINT(7.467 49.604)"
325	97578	Irsch	"POINT(6.593 49.604)"
326	100225	Mandern	"POINT(6.768 49.602)"
327	101011	Kahren	"POINT(6.508 49.597)"
328	95904	Göllheim	"POINT(8.048 49.594)"
329	97519	Nohfelden	"POINT(7.143 49.587)"
330	98716	Imsbach	"POINT(7.877 49.583)"
331	98258	Bobenheim-Roxheim	"POINT(8.361 49.582)"
332	99854	Niederkirchen	"POINT(7.696 49.578)"
333	96045	Dennweiler-Frohnbach	"POINT(7.385 49.577)"
334	94791	Gehrweiler	"POINT(7.774 49.577)"
335	94202	Grossniedesheim	"POINT(8.313 49.576)"
336	100165	Kostenbach	"POINT(6.932 49.575)"
337	95599	Serrig	"POINT(6.573 49.575)"
338	100939	Bosen	"POINT(7.055 49.57)"
339	93859	Bedesbach	"POINT(7.457 49.567)"
340	96338	Dirmstein	"POINT(8.251 49.567)"
341	97732	Wolfersweiler	"POINT(7.175 49.566)"
342	99897	Greimerath	"POINT(6.682 49.562)"
343	96247	Morscholz	"POINT(6.862 49.559)"
344	97099	Essweiler	"POINT(7.564 49.558)"
345	98116	Höringen	"POINT(7.797 49.556)"
346	97837	Freisen	"POINT(7.249 49.553)"
347	100513	Kreimbach	"POINT(7.633 49.553)"
348	95422	Münchweiler an der Alsenz	"POINT(7.885 49.551)"
349	95649	Mörsch	"POINT(8.378 49.551)"
350	96144	Kirf	"POINT(6.48 49.551)"
351	94113	Waldhölzbach	"POINT(6.76 49.55)"
352	99870	Schallodenbach	"POINT(7.715 49.545)"
353	95574	Reichweiler	"POINT(7.29 49.542)"
354	94502	Freudenburg	"POINT(6.533 49.542)"
355	98465	Tiefenthal	"POINT(8.103 49.539)"
356	98074	Kirchheim an der Weinstrasse	"POINT(8.185 49.538)"
357	100643	Ramsen	"POINT(8.011 49.537)"
358	98360	Primstal	"POINT(6.976 49.534)"
359	97958	Haschbach am Remigiusberg	"POINT(7.43 49.525)"
360	100582	Föckelberg	"POINT(7.49 49.525)"
361	94403	Neuhemsbach	"POINT(7.923 49.523)"
362	98799	Namborn	"POINT(7.14 49.521)"
363	99866	Kollweiler	"POINT(7.579 49.515)"
364	94182	Herchweiler	"POINT(7.296 49.514)"
365	100176	Weisenheim am Berg	"POINT(8.151 49.513)"
366	96833	Lambsheim	"POINT(8.288 49.513)"
367	100924	Saarhölzbach	"POINT(6.611 49.511)"
368	98823	Konken	"POINT(7.35 49.508)"
369	99556	Oberleuken	"POINT(6.467 49.507)"
370	100235	Bardenbach	"POINT(6.869 49.506)"
371	98870	Hausbach	"POINT(6.689 49.505)"
372	99905	Carlsberg	"POINT(8.042 49.504)"
373	95337	Katzweiler	"POINT(7.699 49.503)"
374	94595	Baltersweiler	"POINT(7.164 49.496)"
375	100384	Oggersheim	"POINT(8.377 49.492)"
376	95088	Mehlingen	"POINT(7.856 49.492)"
377	99221	Kallstadt	"POINT(8.175 49.492)"
378	98306	Lindscheid	"POINT(6.928 49.491)"
379	100369	Hoof	"POINT(7.245 49.489)"
380	99938	Wahlen	"POINT(6.782 49.486)"
381	100141	Rehweiler	"POINT(7.442 49.486)"
382	99473	Enkenbach-Alsenborn	"POINT(7.898 49.485)"
383	99841	Tholey	"POINT(7.038 49.484)"
384	97638	Mitte / Mitte / Ludwigshafen am Rhein / Ludwigshafen am Rhein	"POINT(8.447 49.481)"
385	97172	Erlenbach	"POINT(7.77 49.481)"
386	98493	Kottweiler-Schwanden	"POINT(7.539 49.476)"
387	98114	Rodenbach	"POINT(7.65 49.475)"
388	95390	Siegelbach	"POINT(7.691 49.47)"
389	99066	Michelbach	"POINT(6.839 49.463)"
390	94297	Ellerstadt	"POINT(8.26 49.462)"
391	95442	Hardenburg	"POINT(8.129 49.461)"
392	95844	Bethingen	"POINT(6.53 49.46)"
393	96435	Maudach	"POINT(8.378 49.456)"
394	97952	Fischbach	"POINT(7.912 49.454)"
395	96473	Hargarten	"POINT(6.736 49.454)"
396	95939	Steinbach am Glan	"POINT(7.384 49.453)"
397	95417	Ballern	"POINT(6.604 49.45)"
398	95386	Ramstein-Miesenbach / Ramstein-Miesenbach / Ramstein / Ramstein	"POINT(7.557 49.445)"
399	100327	Kaiserslautern	"POINT(7.76 49.442)"
400	100704	Wachenheim an der Weinstrasse	"POINT(8.181 49.439)"
401	95982	Niederlinxweiler	"POINT(7.16 49.434)"
402	100347	Altrip	"POINT(8.502 49.432)"
403	96596	Aschbach	"POINT(6.948 49.431)"
404	99857	Urexweiler	"POINT(7.084 49.43)"
405	96394	Dannstadt-Schauernheim / Dannstadt-Schauernheim / Dannstadt / Dannstadt	"POINT(8.313 49.43)"
406	97315	Rödersheim-Gronau / Rödersheim-Gronau / Rödersheim / Rödersheim	"POINT(8.258 49.43)"
407	97900	Spesbach	"POINT(7.504 49.426)"
408	95408	Hüttersdorf	"POINT(6.844 49.423)"
409	95185	Weidenthal	"POINT(7.991 49.421)"
410	94602	Fürth	"POINT(7.236 49.419)"
411	95341	Kindsbach	"POINT(7.61 49.416)"
412	97144	Haustadt	"POINT(6.725 49.413)"
413	96069	Lebach	"POINT(6.911 49.411)"
414	99557	Schönenberg-Kübelberg	"POINT(7.364 49.407)"
415	96598	Meckenheim	"POINT(8.239 49.406)"
416	98850	Dansenberg	"POINT(7.725 49.405)"
417	97225	Ruppertsberg	"POINT(8.198 49.399)"
418	96541	Waldleiningen	"POINT(7.882 49.398)"
419	96030	Oberesch	"POINT(6.567 49.397)"
420	97440	Wustweiler	"POINT(7.04 49.396)"
421	100830	Münchwies	"POINT(7.245 49.395)"
422	98349	Stennweiler	"POINT(7.114 49.391)"
423	97333	Königsbach	"POINT(8.162 49.388)"
424	100273	Gerlfangen	"POINT(6.617 49.382)"
425	95309	Mölschbach	"POINT(7.825 49.381)"
426	97910	Falscheid	"POINT(6.89 49.38)"
427	96064	Stelzenberg	"POINT(7.739 49.379)"
428	94306	Gimmeldingen	"POINT(8.154 49.376)"
429	94514	Esthal	"POINT(7.986 49.376)"
430	96847	Diefflen	"POINT(6.763 49.375)"
431	97068	Otterstadt	"POINT(8.455 49.374)"
432	98212	Lambrecht (Pfalz)	"POINT(8.069 49.373)"
433	100034	Mittelbrunn	"POINT(7.55 49.373)"
434	95077	Wiesbach	"POINT(6.981 49.37)"
435	95171	Iggelheim	"POINT(8.308 49.366)"
436	95907	Martinshöhe	"POINT(7.482 49.364)"
437	100008	Merchweiler	"POINT(7.056 49.357)"
438	100996	Landsweiler / Landsweiler / Landsweiler-Reden / Landsweiler-Reden	"POINT(7.132 49.356)"
439	100860	Linden	"POINT(7.644 49.352)"
440	97835	Bechhofen	"POINT(7.408 49.349)"
441	95167	Bexbach	"POINT(7.258 49.348)"
442	94786	Niedaltdorf	"POINT(6.593 49.342)"
443	99135	Erbach	"POINT(7.32 49.338)"
444	94671	Niedersalbach	"POINT(6.91 49.336)"
445	97012	Iggelbach	"POINT(7.917 49.334)"
446	96588	Holz	"POINT(6.987 49.332)"
447	99802	Krähenberg	"POINT(7.464 49.33)"
448	95806	Wallerfangen	"POINT(6.72 49.328)"
449	99023	Hermersberg	"POINT(7.628 49.323)"
450	94004	Lachen	"POINT(8.196 49.322)"
451	97918	Speyer / Speyer / Speyer / Speyer / Speyer / Espira / Espira / Espira / Espira / Espira / Spire / Spire / Spire / Spire / Spire / Spiers / Spiers / Spiers / Spiers / Spiers / Spires / Spires / Spires / Spires / Spires	"POINT(8.431 49.319)"
452	100667	Hülzweiler	"POINT(6.819 49.319)"
453	94271	Hanhofen	"POINT(8.346 49.317)"
454	98913	Wallhalben	"POINT(7.524 49.316)"
455	94099	Spiesen-Elversberg / Spiesen-Elversberg / Spiesen / Spiesen	"POINT(7.152 49.315)"
456	96973	Heltersberg	"POINT(7.715 49.312)"
457	97095	Beeden	"POINT(7.314 49.309)"
458	97573	Maikammer	"POINT(8.132 49.306)"
459	98557	Geinsheim	"POINT(8.256 49.305)"
460	95313	Kirrberg	"POINT(7.368 49.301)"
461	97740	Harthausen	"POINT(8.347 49.296)"
462	98110	Püttlingen	"POINT(6.885 49.289)"
463	95236	Höheinöd	"POINT(7.608 49.287)"
464	94828	Kirkel-Neuhäusel	"POINT(7.225 49.284)"
465	94155	Neuweiler	"POINT(7.067 49.283)"
466	97665	Venningen	"POINT(8.174 49.281)"
467	94829	Battweiler	"POINT(7.463 49.278)"
468	100714	Bous	"POINT(6.795 49.275)"
469	96644	Leimen	"POINT(7.772 49.273)"
470	97406	Rhodt unter Rietburg	"POINT(8.111 49.272)"
471	94033	Altforweiler	"POINT(6.707 49.272)"
472	98063	Freimersheim (Pfalz)	"POINT(8.23 49.271)"
473	95528	Massweiler	"POINT(7.53 49.271)"
474	95713	Mechtersheim	"POINT(8.399 49.267)"
475	97038	Bierbach	"POINT(7.282 49.263)"
476	95870	Ramberg	"POINT(8.009 49.262)"
477	95607	Altenkessel	"POINT(6.917 49.262)"
478	95819	Weingarten (Pfalz)	"POINT(8.291 49.26)"
479	101080	Lingenfeld	"POINT(8.343 49.249)"
480	93922	Burrweiler	"POINT(8.076 49.248)"
481	100041	Überherrn	"POINT(6.698 49.243)"
482	96131	Niederwürzbach	"POINT(7.2 49.243)"
483	520303	Webenheim	"POINT(7.272 49.241)"
484	95255	Essingen	"POINT(8.174 49.236)"
485	95474	Klarenthal	"POINT(6.897 49.231)"
486	96156	Zeiskam	"POINT(8.249 49.228)"
487	96590	Ludweiler-Warndt	"POINT(6.81 49.223)"
488	95903	Nünschweiler	"POINT(7.506 49.222)"
489	99562	Münchweiler an der Rodalb	"POINT(7.703 49.22)"
490	97924	Albersweiler	"POINT(8.03 49.219)"
491	97502	Ommersheim	"POINT(7.16 49.217)"
492	97749	Sankt Arnual	"POINT(7.015 49.217)"
493	100398	Rimschweiler	"POINT(7.37 49.215)"
494	98108	Mittelbach	"POINT(7.341 49.214)"
495	100805	Wilgartswiesen	"POINT(7.874 49.208)"
496	98140	Pirmasens	"POINT(7.604 49.203)"
497	97620	Gersbach	"POINT(7.557 49.203)"
498	97150	Güdingen	"POINT(7.031 49.197)"
499	100968	Hinterweidenthal	"POINT(7.757 49.195)"
500	93865	Hauenstein	"POINT(7.852 49.192)"
501	97737	Eschringen	"POINT(7.102 49.192)"
502	97039	Ottersheim bei Landau	"POINT(8.229 49.191)"
503	97469	Bellheim	"POINT(8.281 49.191)"
504	96027	Wernersberg	"POINT(7.923 49.19)"
505	95537	Hornbach	"POINT(7.371 49.185)"
506	98628	Lauterbach	"POINT(6.743 49.183)"
507	99549	Böckweiler	"POINT(7.292 49.183)"
508	100162	Ilbesheim bei Landau in der Pfalz	"POINT(8.054 49.183)"
509	96198	Bottenbach	"POINT(7.5 49.181)"
510	100455	Riedelberg	"POINT(7.445 49.178)"
511	94727	Rubenheim	"POINT(7.209 49.173)"
512	95118	Erfweiler	"POINT(7.812 49.158)"
513	94530	Kleinblittersdorf	"POINT(7.035 49.158)"
514	98031	Gossersweiler-Stein	"POINT(7.937 49.157)"
515	98451	Vinningen	"POINT(7.548 49.153)"
516	98088	Brenschelbach	"POINT(7.335 49.152)"
517	95583	Kuhardt	"POINT(8.314 49.146)"
518	98806	Herxheim bei Landau (Pfalz)	"POINT(8.212 49.145)"
519	99679	Klingenmünster	"POINT(8.019 49.141)"
520	95197	Habkirchen	"POINT(7.134 49.134)"
521	99684	Vorderweidenthal	"POINT(7.878 49.127)"
522	96538	Hilst	"POINT(7.527 49.126)"
523	97804	Leimersheim	"POINT(8.343 49.124)"
524	99739	Eppenbrunn	"POINT(7.56 49.115)"
525	93857	Bruchweiler-Bärenbach	"POINT(7.803 49.114)"
526	95303	Erlenbach bei Dahn	"POINT(7.862 49.113)"
527	100373	Hatzenbühl	"POINT(8.244 49.11)"
528	97950	Kapellen-Drusweiler	"POINT(8.031 49.102)"
529	100724	Winden	"POINT(8.111 49.098)"
530	95854	Rumbach	"POINT(7.788 49.095)"
531	98366	Jockgrim	"POINT(8.281 49.094)"
532	98771	Fischbach bei Dahn	"POINT(7.712 49.086)"
533	95671	Dierbach	"POINT(8.068 49.081)"
534	100356	Ludwigswinkel	"POINT(7.662 49.075)"
535	98696	Minfeld	"POINT(8.141 49.072)"
536	96765	Oberotterbach	"POINT(7.97 49.068)"
537	96442	Bobenthal	"POINT(7.858 49.063)"
538	101040	Schönau (Pfalz)	"POINT(7.75 49.059)"
539	94210	Schweigen-Rechtenbach / Schweigen-Rechtenbach / Rechtenbach / Rechtenbach	"POINT(7.958 49.054)"
540	97275	Steinfeld	"POINT(8.037 49.047)"
541	98619	Büchelberg	"POINT(8.173 49.021)"
542	93898	Hagenbach	"POINT(8.25 49.02)"
543	101029	Neuburg am Rhein	"POINT(8.25 48.984)"
544	98156	Berg (Pfalz)	"POINT(8.207 48.983)"
545	100181	Scheibenhardt	"POINT(8.143 48.981)"
